"","Mean","SD","Naive SE","Time-series SE","2.5%","25%","50%","75%","97.5%","Effective N"
"deviance",34.9,2.54,0.0345,0.0383,32,33,34.2,36,41.6,4560
"alpha",-2.21,0.131,0.00179,0.00224,-2.48,-2.3,-2.21,-2.12,-1.96,3520
"beta",0.314,0.119,0.00162,0.00253,0.13,0.226,0.298,0.386,0.581,2100
"gamma",0.31,0.0646,0.000879,0.00138,0.192,0.264,0.307,0.351,0.445,1740
