"","Mean","SD","Naive SE","Time-series SE","2.5%","25%","50%","75%","97.5%","Effective N"
"deviance",1230,1.88,0.0314,0.0456,1230,1230,1230,1240,1240,1830
"h0",0.166,0.0165,0.000276,0.000683,0.136,0.154,0.164,0.176,0.2,776
"beta",-0.0351,0.00987,0.000164,0.00036,-0.0545,-0.0418,-0.0349,-0.0284,-0.0156,987
